"filename", "language", "JSON", "JSON with Comments", "Less", "TypeScript", "HTML", "Markdown", "CSS", "JavaScript", "YAML", "comment", "blank", "total"
"d:\do-an-tot-nghiep\DATN\.gitlab-ci.yml", "YAML", 0, 0, 0, 0, 0, 0, 0, 0, 32, 11, 5, 48
"d:\do-an-tot-nghiep\DATN\README.md", "Markdown", 0, 0, 0, 0, 0, 10, 0, 0, 0, 0, 5, 15
"d:\do-an-tot-nghiep\DATN\angular.json", "JSON", 125, 0, 0, 0, 0, 0, 0, 0, 0, 0, 1, 126
"d:\do-an-tot-nghiep\DATN\karma.conf.js", "JavaScript", 0, 0, 0, 0, 0, 0, 0, 37, 0, 6, 2, 45
"d:\do-an-tot-nghiep\DATN\package-lock.json", "JSON", 13989, 0, 0, 0, 0, 0, 0, 0, 0, 0, 1, 13990
"d:\do-an-tot-nghiep\DATN\package.json", "JSON", 77, 0, 0, 0, 0, 0, 0, 0, 0, 0, 1, 78
"d:\do-an-tot-nghiep\DATN\src\_app-layout.less", "Less", 0, 0, 57, 0, 0, 0, 0, 0, 0, 0, 8, 65
"d:\do-an-tot-nghiep\DATN\src\app\_guards\authGuard.ts", "TypeScript", 0, 0, 0, 13, 0, 0, 0, 0, 0, 2, 4, 19
"d:\do-an-tot-nghiep\DATN\src\app\_guards\authInterceptor.ts", "TypeScript", 0, 0, 0, 82, 0, 0, 0, 0, 0, 3, 17, 102
"d:\do-an-tot-nghiep\DATN\src\app\app-routing.module.ts", "TypeScript", 0, 0, 0, 40, 0, 0, 0, 0, 0, 1, 3, 44
"d:\do-an-tot-nghiep\DATN\src\app\app.component.html", "HTML", 0, 0, 0, 0, 1, 0, 0, 0, 0, 0, 1, 2
"d:\do-an-tot-nghiep\DATN\src\app\app.component.less", "Less", 0, 0, 20, 0, 0, 0, 0, 0, 0, 0, 5, 25
"d:\do-an-tot-nghiep\DATN\src\app\app.component.spec.ts", "TypeScript", 0, 0, 0, 31, 0, 0, 0, 0, 0, 0, 5, 36
"d:\do-an-tot-nghiep\DATN\src\app\app.component.ts", "TypeScript", 0, 0, 0, 7, 0, 0, 0, 0, 0, 0, 2, 9
"d:\do-an-tot-nghiep\DATN\src\app\app.module.ts", "TypeScript", 0, 0, 0, 60, 0, 0, 0, 0, 0, 0, 4, 64
"d:\do-an-tot-nghiep\DATN\src\app\authentication\authentication-routing.module.ts", "TypeScript", 0, 0, 0, 19, 0, 0, 0, 0, 0, 0, 3, 22
"d:\do-an-tot-nghiep\DATN\src\app\authentication\authentication.module.ts", "TypeScript", 0, 0, 0, 38, 0, 0, 0, 0, 0, 0, 4, 42
"d:\do-an-tot-nghiep\DATN\src\app\authentication\login\login.component.html", "HTML", 0, 0, 0, 0, 40, 0, 0, 0, 0, 0, 4, 44
"d:\do-an-tot-nghiep\DATN\src\app\authentication\login\login.component.less", "Less", 0, 0, 212, 0, 0, 0, 0, 0, 0, 25, 9, 246
"d:\do-an-tot-nghiep\DATN\src\app\authentication\login\login.component.spec.ts", "TypeScript", 0, 0, 0, 18, 0, 0, 0, 0, 0, 0, 6, 24
"d:\do-an-tot-nghiep\DATN\src\app\authentication\login\login.component.ts", "TypeScript", 0, 0, 0, 100, 0, 0, 0, 0, 0, 1, 10, 111
"d:\do-an-tot-nghiep\DATN\src\app\authentication\signup\signup.component.html", "HTML", 0, 0, 0, 0, 91, 0, 0, 0, 0, 0, 2, 93
"d:\do-an-tot-nghiep\DATN\src\app\authentication\signup\signup.component.less", "Less", 0, 0, 212, 0, 0, 0, 0, 0, 0, 22, 8, 242
"d:\do-an-tot-nghiep\DATN\src\app\authentication\signup\signup.component.spec.ts", "TypeScript", 0, 0, 0, 18, 0, 0, 0, 0, 0, 0, 6, 24
"d:\do-an-tot-nghiep\DATN\src\app\authentication\signup\signup.component.ts", "TypeScript", 0, 0, 0, 118, 0, 0, 0, 0, 0, 1, 10, 129
"d:\do-an-tot-nghiep\DATN\src\app\configs\my-rx-stomp.config.ts", "TypeScript", 0, 0, 0, 15, 0, 0, 0, 0, 0, 11, 5, 31
"d:\do-an-tot-nghiep\DATN\src\app\configs\rx-stomp-service-factory.ts", "TypeScript", 0, 0, 0, 8, 0, 0, 0, 0, 0, 0, 1, 9
"d:\do-an-tot-nghiep\DATN\src\app\global.service.ts", "TypeScript", 0, 0, 0, 6, 0, 0, 0, 0, 0, 0, 4, 10
"d:\do-an-tot-nghiep\DATN\src\app\icons-provider.module.ts", "TypeScript", 0, 0, 0, 18, 0, 0, 0, 0, 0, 0, 4, 22
"d:\do-an-tot-nghiep\DATN\src\app\layout\layout.component.html", "HTML", 0, 0, 0, 0, 1, 0, 0, 0, 0, 0, 0, 1
"d:\do-an-tot-nghiep\DATN\src\app\layout\layout.component.less", "Less", 0, 0, 24, 0, 0, 0, 0, 0, 0, 21, 10, 55
"d:\do-an-tot-nghiep\DATN\src\app\layout\layout.component.spec.ts", "TypeScript", 0, 0, 0, 17, 0, 0, 0, 0, 0, 0, 6, 23
"d:\do-an-tot-nghiep\DATN\src\app\layout\layout.component.ts", "TypeScript", 0, 0, 0, 10, 0, 0, 0, 0, 0, 0, 3, 13
"d:\do-an-tot-nghiep\DATN\src\app\models\CourseFilterModel.model.ts", "TypeScript", 0, 0, 0, 9, 0, 0, 0, 0, 0, 0, 0, 9
"d:\do-an-tot-nghiep\DATN\src\app\models\MessageModel.model.ts", "TypeScript", 0, 0, 0, 8, 0, 0, 0, 0, 0, 0, 0, 8
"d:\do-an-tot-nghiep\DATN\src\app\pages\admin\check-course\check-course.component.html", "HTML", 0, 0, 0, 0, 297, 0, 0, 0, 0, 15, 28, 340
"d:\do-an-tot-nghiep\DATN\src\app\pages\admin\check-course\check-course.component.less", "Less", 0, 0, 66, 0, 0, 0, 0, 0, 0, 0, 9, 75
"d:\do-an-tot-nghiep\DATN\src\app\pages\admin\check-course\check-course.component.spec.ts", "TypeScript", 0, 0, 0, 18, 0, 0, 0, 0, 0, 0, 6, 24
"d:\do-an-tot-nghiep\DATN\src\app\pages\admin\check-course\check-course.component.ts", "TypeScript", 0, 0, 0, 768, 0, 0, 0, 0, 0, 19, 75, 862
"d:\do-an-tot-nghiep\DATN\src\app\pages\admin\check-lesson\check-lesson.component.html", "HTML", 0, 0, 0, 0, 203, 0, 0, 0, 0, 6, 19, 228
"d:\do-an-tot-nghiep\DATN\src\app\pages\admin\check-lesson\check-lesson.component.less", "Less", 0, 0, 92, 0, 0, 0, 0, 0, 0, 0, 14, 106
"d:\do-an-tot-nghiep\DATN\src\app\pages\admin\check-lesson\check-lesson.component.spec.ts", "TypeScript", 0, 0, 0, 18, 0, 0, 0, 0, 0, 0, 6, 24
"d:\do-an-tot-nghiep\DATN\src\app\pages\admin\check-lesson\check-lesson.component.ts", "TypeScript", 0, 0, 0, 693, 0, 0, 0, 0, 0, 16, 60, 769
"d:\do-an-tot-nghiep\DATN\src\app\pages\admin\course-manage\course-manage.component.html", "HTML", 0, 0, 0, 0, 138, 0, 0, 0, 0, 2, 9, 149
"d:\do-an-tot-nghiep\DATN\src\app\pages\admin\course-manage\course-manage.component.less", "Less", 0, 0, 61, 0, 0, 0, 0, 0, 0, 10, 11, 82
"d:\do-an-tot-nghiep\DATN\src\app\pages\admin\course-manage\course-manage.component.spec.ts", "TypeScript", 0, 0, 0, 18, 0, 0, 0, 0, 0, 0, 6, 24
"d:\do-an-tot-nghiep\DATN\src\app\pages\admin\course-manage\course-manage.component.ts", "TypeScript", 0, 0, 0, 276, 0, 0, 0, 0, 0, 1, 33, 310
"d:\do-an-tot-nghiep\DATN\src\app\pages\admin\request-course\request-course.component.html", "HTML", 0, 0, 0, 0, 70, 0, 0, 0, 0, 1, 1, 72
"d:\do-an-tot-nghiep\DATN\src\app\pages\admin\request-course\request-course.component.less", "Less", 0, 0, 61, 0, 0, 0, 0, 0, 0, 10, 11, 82
"d:\do-an-tot-nghiep\DATN\src\app\pages\admin\request-course\request-course.component.spec.ts", "TypeScript", 0, 0, 0, 18, 0, 0, 0, 0, 0, 0, 6, 24
"d:\do-an-tot-nghiep\DATN\src\app\pages\admin\request-course\request-course.component.ts", "TypeScript", 0, 0, 0, 279, 0, 0, 0, 0, 0, 1, 33, 313
"d:\do-an-tot-nghiep\DATN\src\app\pages\admin\user-manage\user-manage.component.html", "HTML", 0, 0, 0, 0, 427, 0, 0, 0, 0, 6, 11, 444
"d:\do-an-tot-nghiep\DATN\src\app\pages\admin\user-manage\user-manage.component.less", "Less", 0, 0, 57, 0, 0, 0, 0, 0, 0, 10, 10, 77
"d:\do-an-tot-nghiep\DATN\src\app\pages\admin\user-manage\user-manage.component.spec.ts", "TypeScript", 0, 0, 0, 18, 0, 0, 0, 0, 0, 0, 6, 24
"d:\do-an-tot-nghiep\DATN\src\app\pages\admin\user-manage\user-manage.component.ts", "TypeScript", 0, 0, 0, 235, 0, 0, 0, 0, 0, 1, 27, 263
"d:\do-an-tot-nghiep\DATN\src\app\pages\layout-user\layout-user.component.html", "HTML", 0, 0, 0, 0, 139, 0, 0, 0, 0, 14, 8, 161
"d:\do-an-tot-nghiep\DATN\src\app\pages\layout-user\layout-user.component.less", "Less", 0, 0, 248, 0, 0, 0, 0, 0, 0, 4, 40, 292
"d:\do-an-tot-nghiep\DATN\src\app\pages\layout-user\layout-user.component.spec.ts", "TypeScript", 0, 0, 0, 18, 0, 0, 0, 0, 0, 0, 6, 24
"d:\do-an-tot-nghiep\DATN\src\app\pages\layout-user\layout-user.component.ts", "TypeScript", 0, 0, 0, 243, 0, 0, 0, 0, 0, 30, 24, 297
"d:\do-an-tot-nghiep\DATN\src\app\pages\page-routing.module.ts", "TypeScript", 0, 0, 0, 153, 0, 0, 0, 0, 0, 0, 3, 156
"d:\do-an-tot-nghiep\DATN\src\app\pages\page.module.ts", "TypeScript", 0, 0, 0, 188, 0, 0, 0, 0, 0, 0, 4, 192
"d:\do-an-tot-nghiep\DATN\src\app\pages\teacher\course-manager\course-manager.component.html", "HTML", 0, 0, 0, 0, 43, 0, 0, 0, 0, 0, 5, 48
"d:\do-an-tot-nghiep\DATN\src\app\pages\teacher\course-manager\course-manager.component.less", "Less", 0, 0, 0, 0, 0, 0, 0, 0, 0, 0, 1, 1
"d:\do-an-tot-nghiep\DATN\src\app\pages\teacher\course-manager\course-manager.component.spec.ts", "TypeScript", 0, 0, 0, 18, 0, 0, 0, 0, 0, 0, 6, 24
"d:\do-an-tot-nghiep\DATN\src\app\pages\teacher\course-manager\course-manager.component.ts", "TypeScript", 0, 0, 0, 135, 0, 0, 0, 0, 0, 0, 14, 149
"d:\do-an-tot-nghiep\DATN\src\app\pages\teacher\edit-course\edit-course.component.html", "HTML", 0, 0, 0, 0, 213, 0, 0, 0, 0, 4, 22, 239
"d:\do-an-tot-nghiep\DATN\src\app\pages\teacher\edit-course\edit-course.component.less", "Less", 0, 0, 77, 0, 0, 0, 0, 0, 0, 0, 11, 88
"d:\do-an-tot-nghiep\DATN\src\app\pages\teacher\edit-course\edit-course.component.spec.ts", "TypeScript", 0, 0, 0, 18, 0, 0, 0, 0, 0, 0, 6, 24
"d:\do-an-tot-nghiep\DATN\src\app\pages\teacher\edit-course\edit-course.component.ts", "TypeScript", 0, 0, 0, 878, 0, 0, 0, 0, 0, 21, 81, 980
"d:\do-an-tot-nghiep\DATN\src\app\pages\teacher\edit-lesson\edit-lesson.component.html", "HTML", 0, 0, 0, 0, 1, 0, 0, 0, 0, 0, 1, 2
"d:\do-an-tot-nghiep\DATN\src\app\pages\teacher\edit-lesson\edit-lesson.component.less", "Less", 0, 0, 0, 0, 0, 0, 0, 0, 0, 0, 1, 1
"d:\do-an-tot-nghiep\DATN\src\app\pages\teacher\edit-lesson\edit-lesson.component.spec.ts", "TypeScript", 0, 0, 0, 18, 0, 0, 0, 0, 0, 0, 6, 24
"d:\do-an-tot-nghiep\DATN\src\app\pages\teacher\edit-lesson\edit-lesson.component.ts", "TypeScript", 0, 0, 0, 8, 0, 0, 0, 0, 0, 0, 3, 11
"d:\do-an-tot-nghiep\DATN\src\app\pages\teacher\new-course\new-course.component.html", "HTML", 0, 0, 0, 0, 312, 0, 0, 0, 0, 108, 22, 442
"d:\do-an-tot-nghiep\DATN\src\app\pages\teacher\new-course\new-course.component.less", "Less", 0, 0, 89, 0, 0, 0, 0, 0, 0, 0, 12, 101
"d:\do-an-tot-nghiep\DATN\src\app\pages\teacher\new-course\new-course.component.spec.ts", "TypeScript", 0, 0, 0, 18, 0, 0, 0, 0, 0, 0, 6, 24
"d:\do-an-tot-nghiep\DATN\src\app\pages\teacher\new-course\new-course.component.ts", "TypeScript", 0, 0, 0, 761, 0, 0, 0, 0, 0, 8, 66, 835
"d:\do-an-tot-nghiep\DATN\src\app\pages\teacher\reels\reels.component.html", "HTML", 0, 0, 0, 0, 117, 0, 0, 0, 0, 0, 10, 127
"d:\do-an-tot-nghiep\DATN\src\app\pages\teacher\reels\reels.component.less", "Less", 0, 0, 110, 0, 0, 0, 0, 0, 0, 1, 17, 128
"d:\do-an-tot-nghiep\DATN\src\app\pages\teacher\reels\reels.component.spec.ts", "TypeScript", 0, 0, 0, 18, 0, 0, 0, 0, 0, 0, 6, 24
"d:\do-an-tot-nghiep\DATN\src\app\pages\teacher\reels\reels.component.ts", "TypeScript", 0, 0, 0, 240, 0, 0, 0, 0, 0, 11, 23, 274
"d:\do-an-tot-nghiep\DATN\src\app\pages\teacher\student-manager\student-manager.component.html", "HTML", 0, 0, 0, 0, 236, 0, 0, 0, 0, 5, 11, 252
"d:\do-an-tot-nghiep\DATN\src\app\pages\teacher\student-manager\student-manager.component.less", "Less", 0, 0, 57, 0, 0, 0, 0, 0, 0, 10, 10, 77
"d:\do-an-tot-nghiep\DATN\src\app\pages\teacher\student-manager\student-manager.component.spec.ts", "TypeScript", 0, 0, 0, 18, 0, 0, 0, 0, 0, 0, 6, 24
"d:\do-an-tot-nghiep\DATN\src\app\pages\teacher\student-manager\student-manager.component.ts", "TypeScript", 0, 0, 0, 268, 0, 0, 0, 0, 0, 2, 30, 300
"d:\do-an-tot-nghiep\DATN\src\app\pages\user\buy-course\buy-course.component.html", "HTML", 0, 0, 0, 0, 197, 0, 0, 0, 0, 5, 7, 209
"d:\do-an-tot-nghiep\DATN\src\app\pages\user\buy-course\buy-course.component.less", "Less", 0, 0, 443, 0, 0, 0, 0, 0, 0, 3, 45, 491
"d:\do-an-tot-nghiep\DATN\src\app\pages\user\buy-course\buy-course.component.spec.ts", "TypeScript", 0, 0, 0, 18, 0, 0, 0, 0, 0, 0, 6, 24
"d:\do-an-tot-nghiep\DATN\src\app\pages\user\buy-course\buy-course.component.ts", "TypeScript", 0, 0, 0, 283, 0, 0, 0, 0, 0, 1, 26, 310
"d:\do-an-tot-nghiep\DATN\src\app\pages\user\chat\chat.component.html", "HTML", 0, 0, 0, 0, 195, 0, 0, 0, 0, 3, 5, 203
"d:\do-an-tot-nghiep\DATN\src\app\pages\user\chat\chat.component.less", "Less", 0, 0, 299, 0, 0, 0, 0, 0, 0, 1, 11, 311
"d:\do-an-tot-nghiep\DATN\src\app\pages\user\chat\chat.component.spec.ts", "TypeScript", 0, 0, 0, 18, 0, 0, 0, 0, 0, 0, 6, 24
"d:\do-an-tot-nghiep\DATN\src\app\pages\user\chat\chat.component.ts", "TypeScript", 0, 0, 0, 104, 0, 0, 0, 0, 0, 53, 19, 176
"d:\do-an-tot-nghiep\DATN\src\app\pages\user\course\detail-course\detail-course.component.html", "HTML", 0, 0, 0, 0, 307, 0, 0, 0, 0, 16, 32, 355
"d:\do-an-tot-nghiep\DATN\src\app\pages\user\course\detail-course\detail-course.component.less", "Less", 0, 0, 66, 0, 0, 0, 0, 0, 0, 0, 9, 75
"d:\do-an-tot-nghiep\DATN\src\app\pages\user\course\detail-course\detail-course.component.spec.ts", "TypeScript", 0, 0, 0, 18, 0, 0, 0, 0, 0, 0, 6, 24
"d:\do-an-tot-nghiep\DATN\src\app\pages\user\course\detail-course\detail-course.component.ts", "TypeScript", 0, 0, 0, 650, 0, 0, 0, 0, 0, 18, 68, 736
"d:\do-an-tot-nghiep\DATN\src\app\pages\user\course\learning-course\learning-course.component.html", "HTML", 0, 0, 0, 0, 229, 0, 0, 0, 0, 6, 23, 258
"d:\do-an-tot-nghiep\DATN\src\app\pages\user\course\learning-course\learning-course.component.less", "Less", 0, 0, 92, 0, 0, 0, 0, 0, 0, 0, 14, 106
"d:\do-an-tot-nghiep\DATN\src\app\pages\user\course\learning-course\learning-course.component.spec.ts", "TypeScript", 0, 0, 0, 18, 0, 0, 0, 0, 0, 0, 6, 24
"d:\do-an-tot-nghiep\DATN\src\app\pages\user\course\learning-course\learning-course.component.ts", "TypeScript", 0, 0, 0, 689, 0, 0, 0, 0, 0, 16, 59, 764
"d:\do-an-tot-nghiep\DATN\src\app\pages\user\course\list-course\directives\next.directive.spec.ts", "TypeScript", 0, 0, 0, 7, 0, 0, 0, 0, 0, 0, 2, 9
"d:\do-an-tot-nghiep\DATN\src\app\pages\user\course\list-course\directives\next.directive.ts", "TypeScript", 0, 0, 0, 13, 0, 0, 0, 0, 0, 0, 3, 16
"d:\do-an-tot-nghiep\DATN\src\app\pages\user\course\list-course\directives\prev.directive.spec.ts", "TypeScript", 0, 0, 0, 7, 0, 0, 0, 0, 0, 0, 2, 9
"d:\do-an-tot-nghiep\DATN\src\app\pages\user\course\list-course\directives\prev.directive.ts", "TypeScript", 0, 0, 0, 13, 0, 0, 0, 0, 0, 0, 4, 17
"d:\do-an-tot-nghiep\DATN\src\app\pages\user\course\list-course\list-course.component.html", "HTML", 0, 0, 0, 0, 203, 0, 0, 0, 0, 5, 17, 225
"d:\do-an-tot-nghiep\DATN\src\app\pages\user\course\list-course\list-course.component.less", "Less", 0, 0, 122, 0, 0, 0, 0, 0, 0, 2, 19, 143
"d:\do-an-tot-nghiep\DATN\src\app\pages\user\course\list-course\list-course.component.spec.ts", "TypeScript", 0, 0, 0, 18, 0, 0, 0, 0, 0, 0, 6, 24
"d:\do-an-tot-nghiep\DATN\src\app\pages\user\course\list-course\list-course.component.ts", "TypeScript", 0, 0, 0, 257, 0, 0, 0, 0, 0, 1, 34, 292
"d:\do-an-tot-nghiep\DATN\src\app\pages\user\course\quiz\quiz.component.html", "HTML", 0, 0, 0, 0, 157, 0, 0, 0, 0, 0, 17, 174
"d:\do-an-tot-nghiep\DATN\src\app\pages\user\course\quiz\quiz.component.less", "Less", 0, 0, 54, 0, 0, 0, 0, 0, 0, 0, 8, 62
"d:\do-an-tot-nghiep\DATN\src\app\pages\user\course\quiz\quiz.component.spec.ts", "TypeScript", 0, 0, 0, 18, 0, 0, 0, 0, 0, 0, 6, 24
"d:\do-an-tot-nghiep\DATN\src\app\pages\user\course\quiz\quiz.component.ts", "TypeScript", 0, 0, 0, 177, 0, 0, 0, 0, 0, 0, 26, 203
"d:\do-an-tot-nghiep\DATN\src\app\pages\user\file-manage\file-manage.component.html", "HTML", 0, 0, 0, 0, 36, 0, 0, 0, 0, 0, 3, 39
"d:\do-an-tot-nghiep\DATN\src\app\pages\user\file-manage\file-manage.component.less", "Less", 0, 0, 32, 0, 0, 0, 0, 0, 0, 0, 5, 37
"d:\do-an-tot-nghiep\DATN\src\app\pages\user\file-manage\file-manage.component.spec.ts", "TypeScript", 0, 0, 0, 18, 0, 0, 0, 0, 0, 0, 6, 24
"d:\do-an-tot-nghiep\DATN\src\app\pages\user\file-manage\file-manage.component.ts", "TypeScript", 0, 0, 0, 195, 0, 0, 0, 0, 0, 3, 9, 207
"d:\do-an-tot-nghiep\DATN\src\app\pages\user\home-page\home-page.component.html", "HTML", 0, 0, 0, 0, 63, 0, 0, 0, 0, 18, 5, 86
"d:\do-an-tot-nghiep\DATN\src\app\pages\user\home-page\home-page.component.less", "Less", 0, 0, 163, 0, 0, 0, 0, 0, 0, 5, 26, 194
"d:\do-an-tot-nghiep\DATN\src\app\pages\user\home-page\home-page.component.spec.ts", "TypeScript", 0, 0, 0, 18, 0, 0, 0, 0, 0, 0, 6, 24
"d:\do-an-tot-nghiep\DATN\src\app\pages\user\home-page\home-page.component.ts", "TypeScript", 0, 0, 0, 98, 0, 0, 0, 0, 0, 0, 11, 109
"d:\do-an-tot-nghiep\DATN\src\app\pages\user\message\message.component.html", "HTML", 0, 0, 0, 0, 13, 0, 0, 0, 0, 0, 0, 13
"d:\do-an-tot-nghiep\DATN\src\app\pages\user\message\message.component.less", "Less", 0, 0, 0, 0, 0, 0, 0, 0, 0, 0, 1, 1
"d:\do-an-tot-nghiep\DATN\src\app\pages\user\message\message.component.spec.ts", "TypeScript", 0, 0, 0, 18, 0, 0, 0, 0, 0, 0, 6, 24
"d:\do-an-tot-nghiep\DATN\src\app\pages\user\message\message.component.ts", "TypeScript", 0, 0, 0, 55, 0, 0, 0, 0, 0, 0, 8, 63
"d:\do-an-tot-nghiep\DATN\src\app\pages\user\my-calendar\my-calendar.component.html", "HTML", 0, 0, 0, 0, 130, 0, 0, 0, 0, 0, 16, 146
"d:\do-an-tot-nghiep\DATN\src\app\pages\user\my-calendar\my-calendar.component.less", "Less", 0, 0, 48, 0, 0, 0, 0, 0, 0, 11, 9, 68
"d:\do-an-tot-nghiep\DATN\src\app\pages\user\my-calendar\my-calendar.component.spec.ts", "TypeScript", 0, 0, 0, 18, 0, 0, 0, 0, 0, 0, 6, 24
"d:\do-an-tot-nghiep\DATN\src\app\pages\user\my-calendar\my-calendar.component.ts", "TypeScript", 0, 0, 0, 159, 0, 0, 0, 0, 0, 1, 23, 183
"d:\do-an-tot-nghiep\DATN\src\app\pages\user\profile\profile.component.html", "HTML", 0, 0, 0, 0, 146, 0, 0, 0, 0, 0, 0, 146
"d:\do-an-tot-nghiep\DATN\src\app\pages\user\profile\profile.component.less", "Less", 0, 0, 32, 0, 0, 0, 0, 0, 0, 0, 1, 33
"d:\do-an-tot-nghiep\DATN\src\app\pages\user\profile\profile.component.spec.ts", "TypeScript", 0, 0, 0, 18, 0, 0, 0, 0, 0, 0, 6, 24
"d:\do-an-tot-nghiep\DATN\src\app\pages\user\profile\profile.component.ts", "TypeScript", 0, 0, 0, 85, 0, 0, 0, 0, 0, 0, 12, 97
"d:\do-an-tot-nghiep\DATN\src\app\pages\user\videos\list-videos\list-videos.component.html", "HTML", 0, 0, 0, 0, 24, 0, 0, 0, 0, 0, 3, 27
"d:\do-an-tot-nghiep\DATN\src\app\pages\user\videos\list-videos\list-videos.component.less", "Less", 0, 0, 99, 0, 0, 0, 0, 0, 0, 1, 15, 115
"d:\do-an-tot-nghiep\DATN\src\app\pages\user\videos\list-videos\list-videos.component.spec.ts", "TypeScript", 0, 0, 0, 18, 0, 0, 0, 0, 0, 0, 6, 24
"d:\do-an-tot-nghiep\DATN\src\app\pages\user\videos\list-videos\list-videos.component.ts", "TypeScript", 0, 0, 0, 32, 0, 0, 0, 0, 0, 0, 6, 38
"d:\do-an-tot-nghiep\DATN\src\app\pages\user\videos\watch-video\watch-video.component.html", "HTML", 0, 0, 0, 0, 52, 0, 0, 0, 0, 21, 8, 81
"d:\do-an-tot-nghiep\DATN\src\app\pages\user\videos\watch-video\watch-video.component.less", "Less", 0, 0, 21, 0, 0, 0, 0, 0, 0, 0, 4, 25
"d:\do-an-tot-nghiep\DATN\src\app\pages\user\videos\watch-video\watch-video.component.spec.ts", "TypeScript", 0, 0, 0, 18, 0, 0, 0, 0, 0, 0, 6, 24
"d:\do-an-tot-nghiep\DATN\src\app\pages\user\videos\watch-video\watch-video.component.ts", "TypeScript", 0, 0, 0, 81, 0, 0, 0, 0, 0, 0, 10, 91
"d:\do-an-tot-nghiep\DATN\src\app\service\authentication\authentication.service.spec.ts", "TypeScript", 0, 0, 0, 12, 0, 0, 0, 0, 0, 0, 5, 17
"d:\do-an-tot-nghiep\DATN\src\app\service\authentication\authentication.service.ts", "TypeScript", 0, 0, 0, 84, 0, 0, 0, 0, 0, 3, 15, 102
"d:\do-an-tot-nghiep\DATN\src\app\service\chat-service\chat.service.spec.ts", "TypeScript", 0, 0, 0, 12, 0, 0, 0, 0, 0, 0, 5, 17
"d:\do-an-tot-nghiep\DATN\src\app\service\chat-service\chat.service.ts", "TypeScript", 0, 0, 0, 28, 0, 0, 0, 0, 0, 0, 5, 33
"d:\do-an-tot-nghiep\DATN\src\app\service\chat-service\rx-stomp.service.ts", "TypeScript", 0, 0, 0, 10, 0, 0, 0, 0, 0, 0, 2, 12
"d:\do-an-tot-nghiep\DATN\src\app\service\course-service\course.service.spec.ts", "TypeScript", 0, 0, 0, 12, 0, 0, 0, 0, 0, 0, 5, 17
"d:\do-an-tot-nghiep\DATN\src\app\service\course-service\course.service.ts", "TypeScript", 0, 0, 0, 209, 0, 0, 0, 0, 0, 1, 31, 241
"d:\do-an-tot-nghiep\DATN\src\app\service\upload-service\upload.service.spec.ts", "TypeScript", 0, 0, 0, 12, 0, 0, 0, 0, 0, 0, 5, 17
"d:\do-an-tot-nghiep\DATN\src\app\service\upload-service\upload.service.ts", "TypeScript", 0, 0, 0, 22, 0, 0, 0, 0, 0, 14, 7, 43
"d:\do-an-tot-nghiep\DATN\src\app\service\user-service\user.service.spec.ts", "TypeScript", 0, 0, 0, 12, 0, 0, 0, 0, 0, 0, 5, 17
"d:\do-an-tot-nghiep\DATN\src\app\service\user-service\user.service.ts", "TypeScript", 0, 0, 0, 107, 0, 0, 0, 0, 0, 7, 20, 134
"d:\do-an-tot-nghiep\DATN\src\app\shared\components\breadcrumb\breadcrumb.component.html", "HTML", 0, 0, 0, 0, 19, 0, 0, 0, 0, 7, 1, 27
"d:\do-an-tot-nghiep\DATN\src\app\shared\components\breadcrumb\breadcrumb.component.less", "Less", 0, 0, 33, 0, 0, 0, 0, 0, 0, 0, 8, 41
"d:\do-an-tot-nghiep\DATN\src\app\shared\components\breadcrumb\breadcrumb.component.spec.ts", "TypeScript", 0, 0, 0, 20, 0, 0, 0, 0, 0, 0, 6, 26
"d:\do-an-tot-nghiep\DATN\src\app\shared\components\breadcrumb\breadcrumb.component.ts", "TypeScript", 0, 0, 0, 23, 0, 0, 0, 0, 0, 0, 6, 29
"d:\do-an-tot-nghiep\DATN\src\app\shared\components\button\button.component.css", "CSS", 0, 0, 0, 0, 0, 0, 0, 0, 0, 0, 1, 1
"d:\do-an-tot-nghiep\DATN\src\app\shared\components\button\button.component.html", "HTML", 0, 0, 0, 0, 12, 0, 0, 0, 0, 0, 1, 13
"d:\do-an-tot-nghiep\DATN\src\app\shared\components\button\button.component.spec.ts", "TypeScript", 0, 0, 0, 17, 0, 0, 0, 0, 0, 0, 5, 22
"d:\do-an-tot-nghiep\DATN\src\app\shared\components\button\button.component.ts", "TypeScript", 0, 0, 0, 41, 0, 0, 0, 0, 0, 0, 4, 45
"d:\do-an-tot-nghiep\DATN\src\app\shared\components\checked-icon\checked-icon.component.html", "HTML", 0, 0, 0, 0, 21, 0, 0, 0, 0, 0, 1, 22
"d:\do-an-tot-nghiep\DATN\src\app\shared\components\checked-icon\checked-icon.component.less", "Less", 0, 0, 12, 0, 0, 0, 0, 0, 0, 0, 1, 13
"d:\do-an-tot-nghiep\DATN\src\app\shared\components\checked-icon\checked-icon.component.spec.ts", "TypeScript", 0, 0, 0, 18, 0, 0, 0, 0, 0, 0, 6, 24
"d:\do-an-tot-nghiep\DATN\src\app\shared\components\checked-icon\checked-icon.component.ts", "TypeScript", 0, 0, 0, 8, 0, 0, 0, 0, 0, 0, 3, 11
"d:\do-an-tot-nghiep\DATN\src\app\shared\components\components.module.ts", "TypeScript", 0, 0, 0, 123, 0, 0, 0, 0, 0, 0, 3, 126
"d:\do-an-tot-nghiep\DATN\src\app\shared\components\empty\empty.component.html", "HTML", 0, 0, 0, 0, 1, 0, 0, 0, 0, 0, 1, 2
"d:\do-an-tot-nghiep\DATN\src\app\shared\components\empty\empty.component.spec.ts", "TypeScript", 0, 0, 0, 18, 0, 0, 0, 0, 0, 0, 6, 24
"d:\do-an-tot-nghiep\DATN\src\app\shared\components\empty\empty.component.ts", "TypeScript", 0, 0, 0, 9, 0, 0, 0, 0, 0, 0, 3, 12
"d:\do-an-tot-nghiep\DATN\src\app\shared\components\file-info\file-info.component.html", "HTML", 0, 0, 0, 0, 28, 0, 0, 0, 0, 0, 0, 28
"d:\do-an-tot-nghiep\DATN\src\app\shared\components\file-info\file-info.component.less", "Less", 0, 0, 25, 0, 0, 0, 0, 0, 0, 0, 3, 28
"d:\do-an-tot-nghiep\DATN\src\app\shared\components\file-info\file-info.component.spec.ts", "TypeScript", 0, 0, 0, 18, 0, 0, 0, 0, 0, 0, 6, 24
"d:\do-an-tot-nghiep\DATN\src\app\shared\components\file-info\file-info.component.ts", "TypeScript", 0, 0, 0, 15, 0, 0, 0, 0, 0, 0, 2, 17
"d:\do-an-tot-nghiep\DATN\src\app\shared\components\footer\footer.component.html", "HTML", 0, 0, 0, 0, 72, 0, 0, 0, 0, 0, 4, 76
"d:\do-an-tot-nghiep\DATN\src\app\shared\components\footer\footer.component.less", "Less", 0, 0, 192, 0, 0, 0, 0, 0, 0, 7, 13, 212
"d:\do-an-tot-nghiep\DATN\src\app\shared\components\footer\footer.component.spec.ts", "TypeScript", 0, 0, 0, 18, 0, 0, 0, 0, 0, 0, 6, 24
"d:\do-an-tot-nghiep\DATN\src\app\shared\components\footer\footer.component.ts", "TypeScript", 0, 0, 0, 8, 0, 0, 0, 0, 0, 0, 3, 11
"d:\do-an-tot-nghiep\DATN\src\app\shared\components\header\header.component.html", "HTML", 0, 0, 0, 0, 9, 0, 0, 0, 0, 0, 0, 9
"d:\do-an-tot-nghiep\DATN\src\app\shared\components\header\header.component.less", "Less", 0, 0, 7, 0, 0, 0, 0, 0, 0, 0, 1, 8
"d:\do-an-tot-nghiep\DATN\src\app\shared\components\header\header.component.spec.ts", "TypeScript", 0, 0, 0, 18, 0, 0, 0, 0, 0, 0, 6, 24
"d:\do-an-tot-nghiep\DATN\src\app\shared\components\header\header.component.ts", "TypeScript", 0, 0, 0, 9, 0, 0, 0, 0, 0, 0, 3, 12
"d:\do-an-tot-nghiep\DATN\src\app\shared\components\icon-files\doc-file\doc-file.component.html", "HTML", 0, 0, 0, 0, 10, 0, 0, 0, 0, 0, 0, 10
"d:\do-an-tot-nghiep\DATN\src\app\shared\components\icon-files\doc-file\doc-file.component.less", "Less", 0, 0, 30, 0, 0, 0, 0, 0, 0, 0, 1, 31
"d:\do-an-tot-nghiep\DATN\src\app\shared\components\icon-files\doc-file\doc-file.component.spec.ts", "TypeScript", 0, 0, 0, 18, 0, 0, 0, 0, 0, 0, 6, 24
"d:\do-an-tot-nghiep\DATN\src\app\shared\components\icon-files\doc-file\doc-file.component.ts", "TypeScript", 0, 0, 0, 8, 0, 0, 0, 0, 0, 0, 3, 11
"d:\do-an-tot-nghiep\DATN\src\app\shared\components\icon-files\exel-file\exel-file.component.html", "HTML", 0, 0, 0, 0, 10, 0, 0, 0, 0, 0, 0, 10
"d:\do-an-tot-nghiep\DATN\src\app\shared\components\icon-files\exel-file\exel-file.component.less", "Less", 0, 0, 30, 0, 0, 0, 0, 0, 0, 0, 1, 31
"d:\do-an-tot-nghiep\DATN\src\app\shared\components\icon-files\exel-file\exel-file.component.spec.ts", "TypeScript", 0, 0, 0, 18, 0, 0, 0, 0, 0, 0, 6, 24
"d:\do-an-tot-nghiep\DATN\src\app\shared\components\icon-files\exel-file\exel-file.component.ts", "TypeScript", 0, 0, 0, 8, 0, 0, 0, 0, 0, 0, 3, 11
"d:\do-an-tot-nghiep\DATN\src\app\shared\components\icon-files\none-file\none-file.component.html", "HTML", 0, 0, 0, 0, 14, 0, 0, 0, 0, 0, 1, 15
"d:\do-an-tot-nghiep\DATN\src\app\shared\components\icon-files\none-file\none-file.component.less", "Less", 0, 0, 6, 0, 0, 0, 0, 0, 0, 0, 1, 7
"d:\do-an-tot-nghiep\DATN\src\app\shared\components\icon-files\none-file\none-file.component.spec.ts", "TypeScript", 0, 0, 0, 18, 0, 0, 0, 0, 0, 0, 6, 24
"d:\do-an-tot-nghiep\DATN\src\app\shared\components\icon-files\none-file\none-file.component.ts", "TypeScript", 0, 0, 0, 8, 0, 0, 0, 0, 0, 0, 3, 11
"d:\do-an-tot-nghiep\DATN\src\app\shared\components\icon-files\pdf-file\pdf-file.component.html", "HTML", 0, 0, 0, 0, 10, 0, 0, 0, 0, 0, 0, 10
"d:\do-an-tot-nghiep\DATN\src\app\shared\components\icon-files\pdf-file\pdf-file.component.less", "Less", 0, 0, 30, 0, 0, 0, 0, 0, 0, 0, 1, 31
"d:\do-an-tot-nghiep\DATN\src\app\shared\components\icon-files\pdf-file\pdf-file.component.spec.ts", "TypeScript", 0, 0, 0, 18, 0, 0, 0, 0, 0, 0, 6, 24
"d:\do-an-tot-nghiep\DATN\src\app\shared\components\icon-files\pdf-file\pdf-file.component.ts", "TypeScript", 0, 0, 0, 8, 0, 0, 0, 0, 0, 0, 3, 11
"d:\do-an-tot-nghiep\DATN\src\app\shared\components\info-text\info-text.component.html", "HTML", 0, 0, 0, 0, 7, 0, 0, 0, 0, 0, 1, 8
"d:\do-an-tot-nghiep\DATN\src\app\shared\components\info-text\info-text.component.less", "Less", 0, 0, 0, 0, 0, 0, 0, 0, 0, 0, 1, 1
"d:\do-an-tot-nghiep\DATN\src\app\shared\components\info-text\info-text.component.spec.ts", "TypeScript", 0, 0, 0, 18, 0, 0, 0, 0, 0, 0, 6, 24
"d:\do-an-tot-nghiep\DATN\src\app\shared\components\info-text\info-text.component.ts", "TypeScript", 0, 0, 0, 10, 0, 0, 0, 0, 0, 0, 5, 15
"d:\do-an-tot-nghiep\DATN\src\app\shared\components\input-text\input-text.component.html", "HTML", 0, 0, 0, 0, 1, 0, 0, 0, 0, 0, 0, 1
"d:\do-an-tot-nghiep\DATN\src\app\shared\components\input-text\input-text.component.less", "Less", 0, 0, 0, 0, 0, 0, 0, 0, 0, 0, 1, 1
"d:\do-an-tot-nghiep\DATN\src\app\shared\components\input-text\input-text.component.spec.ts", "TypeScript", 0, 0, 0, 18, 0, 0, 0, 0, 0, 0, 6, 24
"d:\do-an-tot-nghiep\DATN\src\app\shared\components\input-text\input-text.component.ts", "TypeScript", 0, 0, 0, 8, 0, 0, 0, 0, 0, 0, 3, 11
"d:\do-an-tot-nghiep\DATN\src\app\shared\components\loading\loading.component.html", "HTML", 0, 0, 0, 0, 8, 0, 0, 0, 0, 0, 1, 9
"d:\do-an-tot-nghiep\DATN\src\app\shared\components\loading\loading.component.less", "Less", 0, 0, 7, 0, 0, 0, 0, 0, 0, 0, 1, 8
"d:\do-an-tot-nghiep\DATN\src\app\shared\components\loading\loading.component.spec.ts", "TypeScript", 0, 0, 0, 20, 0, 0, 0, 0, 0, 0, 6, 26
"d:\do-an-tot-nghiep\DATN\src\app\shared\components\loading\loading.component.ts", "TypeScript", 0, 0, 0, 11, 0, 0, 0, 0, 0, 0, 5, 16
"d:\do-an-tot-nghiep\DATN\src\app\shared\components\message-icon\message-icon.component.html", "HTML", 0, 0, 0, 0, 19, 0, 0, 0, 0, 0, 1, 20
"d:\do-an-tot-nghiep\DATN\src\app\shared\components\message-icon\message-icon.component.less", "Less", 0, 0, 16, 0, 0, 0, 0, 0, 0, 0, 5, 21
"d:\do-an-tot-nghiep\DATN\src\app\shared\components\message-icon\message-icon.component.spec.ts", "TypeScript", 0, 0, 0, 18, 0, 0, 0, 0, 0, 0, 6, 24
"d:\do-an-tot-nghiep\DATN\src\app\shared\components\message-icon\message-icon.component.ts", "TypeScript", 0, 0, 0, 8, 0, 0, 0, 0, 0, 0, 3, 11
"d:\do-an-tot-nghiep\DATN\src\app\shared\components\no-result\no-result.component.html", "HTML", 0, 0, 0, 0, 9, 0, 0, 0, 0, 0, 0, 9
"d:\do-an-tot-nghiep\DATN\src\app\shared\components\no-result\no-result.component.less", "Less", 0, 0, 68, 0, 0, 0, 0, 0, 0, 8, 11, 87
"d:\do-an-tot-nghiep\DATN\src\app\shared\components\no-result\no-result.component.spec.ts", "TypeScript", 0, 0, 0, 18, 0, 0, 0, 0, 0, 0, 6, 24
"d:\do-an-tot-nghiep\DATN\src\app\shared\components\no-result\no-result.component.ts", "TypeScript", 0, 0, 0, 8, 0, 0, 0, 0, 0, 0, 3, 11
"d:\do-an-tot-nghiep\DATN\src\app\shared\components\pagination\pagination.component.spec.ts", "TypeScript", 0, 0, 0, 18, 0, 0, 0, 0, 0, 0, 6, 24
"d:\do-an-tot-nghiep\DATN\src\app\shared\components\pagination\pagination.component.ts", "TypeScript", 0, 0, 0, 36, 0, 0, 0, 0, 0, 0, 2, 38
"d:\do-an-tot-nghiep\DATN\src\app\shared\components\plus-icon\plus-icon.component.html", "HTML", 0, 0, 0, 0, 21, 0, 0, 0, 0, 0, 1, 22
"d:\do-an-tot-nghiep\DATN\src\app\shared\components\plus-icon\plus-icon.component.less", "Less", 0, 0, 12, 0, 0, 0, 0, 0, 0, 0, 1, 13
"d:\do-an-tot-nghiep\DATN\src\app\shared\components\plus-icon\plus-icon.component.spec.ts", "TypeScript", 0, 0, 0, 18, 0, 0, 0, 0, 0, 0, 6, 24
"d:\do-an-tot-nghiep\DATN\src\app\shared\components\plus-icon\plus-icon.component.ts", "TypeScript", 0, 0, 0, 8, 0, 0, 0, 0, 0, 0, 3, 11
"d:\do-an-tot-nghiep\DATN\src\app\shared\components\schedule-card\schedule-card.component.html", "HTML", 0, 0, 0, 0, 13, 0, 0, 0, 0, 0, 0, 13
"d:\do-an-tot-nghiep\DATN\src\app\shared\components\schedule-card\schedule-card.component.less", "Less", 0, 0, 4, 0, 0, 0, 0, 0, 0, 0, 1, 5
"d:\do-an-tot-nghiep\DATN\src\app\shared\components\schedule-card\schedule-card.component.spec.ts", "TypeScript", 0, 0, 0, 18, 0, 0, 0, 0, 0, 0, 6, 24
"d:\do-an-tot-nghiep\DATN\src\app\shared\components\schedule-card\schedule-card.component.ts", "TypeScript", 0, 0, 0, 20, 0, 0, 0, 0, 0, 0, 6, 26
"d:\do-an-tot-nghiep\DATN\src\app\shared\components\select\select.component.html", "HTML", 0, 0, 0, 0, 8, 0, 0, 0, 0, 0, 1, 9
"d:\do-an-tot-nghiep\DATN\src\app\shared\components\select\select.component.less", "Less", 0, 0, 3, 0, 0, 0, 0, 0, 0, 0, 0, 3
"d:\do-an-tot-nghiep\DATN\src\app\shared\components\select\select.component.spec.ts", "TypeScript", 0, 0, 0, 18, 0, 0, 0, 0, 0, 0, 6, 24
"d:\do-an-tot-nghiep\DATN\src\app\shared\components\select\select.component.ts", "TypeScript", 0, 0, 0, 18, 0, 0, 0, 0, 0, 0, 3, 21
"d:\do-an-tot-nghiep\DATN\src\app\shared\components\textavatar\textavatar.component.css", "CSS", 0, 0, 0, 0, 0, 0, 6, 0, 0, 0, 2, 8
"d:\do-an-tot-nghiep\DATN\src\app\shared\components\textavatar\textavatar.component.html", "HTML", 0, 0, 0, 0, 7, 0, 0, 0, 0, 10, 2, 19
"d:\do-an-tot-nghiep\DATN\src\app\shared\components\textavatar\textavatar.component.spec.ts", "TypeScript", 0, 0, 0, 18, 0, 0, 0, 0, 0, 0, 5, 23
"d:\do-an-tot-nghiep\DATN\src\app\shared\components\textavatar\textavatar.component.ts", "TypeScript", 0, 0, 0, 22, 0, 0, 0, 0, 0, 0, 2, 24
"d:\do-an-tot-nghiep\DATN\src\app\shared\components\video-player-icon\video-player-icon.component.html", "HTML", 0, 0, 0, 0, 18, 0, 0, 0, 0, 0, 0, 18
"d:\do-an-tot-nghiep\DATN\src\app\shared\components\video-player-icon\video-player-icon.component.less", "Less", 0, 0, 9, 0, 0, 0, 0, 0, 0, 0, 2, 11
"d:\do-an-tot-nghiep\DATN\src\app\shared\components\video-player-icon\video-player-icon.component.spec.ts", "TypeScript", 0, 0, 0, 18, 0, 0, 0, 0, 0, 0, 6, 24
"d:\do-an-tot-nghiep\DATN\src\app\shared\components\video-player-icon\video-player-icon.component.ts", "TypeScript", 0, 0, 0, 8, 0, 0, 0, 0, 0, 0, 3, 11
"d:\do-an-tot-nghiep\DATN\src\app\shared\components\warning-icon\warning-icon.component.html", "HTML", 0, 0, 0, 0, 15, 0, 0, 0, 0, 0, 1, 16
"d:\do-an-tot-nghiep\DATN\src\app\shared\components\warning-icon\warning-icon.component.less", "Less", 0, 0, 16, 0, 0, 0, 0, 0, 0, 0, 3, 19
"d:\do-an-tot-nghiep\DATN\src\app\shared\components\warning-icon\warning-icon.component.spec.ts", "TypeScript", 0, 0, 0, 18, 0, 0, 0, 0, 0, 0, 6, 24
"d:\do-an-tot-nghiep\DATN\src\app\shared\components\warning-icon\warning-icon.component.ts", "TypeScript", 0, 0, 0, 8, 0, 0, 0, 0, 0, 0, 3, 11
"d:\do-an-tot-nghiep\DATN\src\app\shared\exception\403.component.ts", "TypeScript", 0, 0, 0, 7, 0, 0, 0, 0, 0, 0, 2, 9
"d:\do-an-tot-nghiep\DATN\src\app\shared\exception\403.css", "CSS", 0, 0, 0, 0, 0, 0, 87, 0, 0, 0, 10, 97
"d:\do-an-tot-nghiep\DATN\src\app\shared\exception\403.html", "HTML", 0, 0, 0, 0, 1018, 0, 0, 0, 0, 0, 1, 1019
"d:\do-an-tot-nghiep\DATN\src\app\shared\exception\404.component.ts", "TypeScript", 0, 0, 0, 7, 0, 0, 0, 0, 0, 0, 2, 9
"d:\do-an-tot-nghiep\DATN\src\app\shared\exception\404.css", "CSS", 0, 0, 0, 0, 0, 0, 87, 0, 0, 0, 10, 97
"d:\do-an-tot-nghiep\DATN\src\app\shared\exception\404.html", "HTML", 0, 0, 0, 0, 43, 0, 0, 0, 0, 0, 2, 45
"d:\do-an-tot-nghiep\DATN\src\app\shared\exception\500.component.ts", "TypeScript", 0, 0, 0, 6, 0, 0, 0, 0, 0, 0, 2, 8
"d:\do-an-tot-nghiep\DATN\src\app\shared\exception\500.html", "HTML", 0, 0, 0, 0, 295, 0, 0, 0, 0, 0, 1, 296
"d:\do-an-tot-nghiep\DATN\src\app\shared\exception\exception-routing.module.ts", "TypeScript", 0, 0, 0, 15, 0, 0, 0, 0, 0, 0, 4, 19
"d:\do-an-tot-nghiep\DATN\src\app\shared\exception\exception.module.ts", "TypeScript", 0, 0, 0, 14, 0, 0, 0, 0, 0, 0, 4, 18
"d:\do-an-tot-nghiep\DATN\src\assets\provinces.json", "JSON", 577, 0, 0, 0, 0, 0, 0, 0, 0, 0, 1, 578
"d:\do-an-tot-nghiep\DATN\src\constants\index.ts", "TypeScript", 0, 0, 0, 3, 0, 0, 0, 0, 0, 0, 0, 3
"d:\do-an-tot-nghiep\DATN\src\environments\environment.prod.ts", "TypeScript", 0, 0, 0, 10, 0, 0, 0, 0, 0, 7, 1, 18
"d:\do-an-tot-nghiep\DATN\src\environments\environment.ts", "TypeScript", 0, 0, 0, 10, 0, 0, 0, 0, 0, 11, 3, 24
"d:\do-an-tot-nghiep\DATN\src\helper\globals.d.ts", "TypeScript", 0, 0, 0, 3, 0, 0, 0, 0, 0, 0, 1, 4
"d:\do-an-tot-nghiep\DATN\src\index.html", "HTML", 0, 0, 0, 0, 36, 0, 0, 0, 0, 0, 5, 41
"d:\do-an-tot-nghiep\DATN\src\main.ts", "TypeScript", 0, 0, 0, 9, 0, 0, 0, 0, 0, 0, 4, 13
"d:\do-an-tot-nghiep\DATN\src\polyfills.ts", "TypeScript", 0, 0, 0, 2, 0, 0, 0, 0, 0, 47, 6, 55
"d:\do-an-tot-nghiep\DATN\src\proxy.conf.json", "JSON", 6, 0, 0, 0, 0, 0, 0, 0, 0, 0, 1, 7
"d:\do-an-tot-nghiep\DATN\src\styles.less", "Less", 0, 0, 142, 0, 0, 0, 0, 0, 0, 21, 42, 205
"d:\do-an-tot-nghiep\DATN\src\test.ts", "TypeScript", 0, 0, 0, 18, 0, 0, 0, 0, 0, 4, 5, 27
"d:\do-an-tot-nghiep\DATN\tsconfig.app.json", "JSON", 14, 0, 0, 0, 0, 0, 0, 0, 0, 1, 1, 16
"d:\do-an-tot-nghiep\DATN\tsconfig.json", "JSON with Comments", 0, 33, 0, 0, 0, 0, 0, 0, 0, 1, 1, 35
"d:\do-an-tot-nghiep\DATN\tsconfig.spec.json", "JSON", 17, 0, 0, 0, 0, 0, 0, 0, 0, 1, 1, 19
"Total", "-", 14805, 33, 3556, 10589, 5805, 10, 180, 37, 32, 760, 2211, 38018